<?xml version="1.0" encoding="UTF-8" standalone="yes"?>
<features xmlns="http://karaf.apache.org/xmlns/features/v1.4.0" name="hibernate-osgi">
  <feature name="hibernate-orm" version="5.4.30.Final" description="Combines all Hibernate core dependencies and required modules into a single feature">
    <feature prerequisite="true">wrap</feature>
    <feature>transaction-api</feature>
    <feature>aries-blueprint</feature>
    <bundle>mvn:org.jboss.logging/jboss-logging/3.4.1.Final</bundle>
    <bundle>wrap:mvn:antlr/antlr/2.7.7</bundle>
    <bundle>mvn:javax.persistence/javax.persistence-api/2.2</bundle>
    <bundle>mvn:org.javassist/javassist/3.27.0-GA</bundle>
    <bundle>mvn:net.bytebuddy/byte-buddy/1.10.21</bundle>
    <bundle>mvn:org.jboss.spec.javax.transaction/jboss-transaction-api_1.2_spec/1.1.1.Final</bundle>
    <bundle>mvn:org.jboss/jandex/2.2.3.Final</bundle>
    <bundle>mvn:com.fasterxml/classmate/1.5.1</bundle>
    <bundle>wrap:mvn:org.dom4j/dom4j/2.1.3</bundle>
    <bundle>mvn:org.hibernate.common/hibernate-commons-annotations/5.1.2.Final</bundle>
    <bundle>mvn:org.hibernate/hibernate-core/5.4.30.Final</bundle>
    <bundle>mvn:org.osgi/org.osgi.core/6.0.0</bundle>
    <bundle>mvn:org.osgi/org.osgi.compendium/5.0.0</bundle>
    <bundle>mvn:javax.interceptor/javax.interceptor-api/1.2</bundle>
    <bundle>mvn:org.hibernate/hibernate-osgi/5.4.30.Final</bundle>
  </feature>
  <feature name="hibernate-envers" version="5.4.30.Final" description="Feature for easily adding Envers support to hibernate-orm">
    <feature version="5.4.30.Final">hibernate-orm</feature>
    <bundle>mvn:org.hibernate/hibernate-envers/5.4.30.Final</bundle>
  </feature>
</features>